Candidate,Party,State,constituency
Shri Kailash Chaudhry(Won),Dr. Banshilal Mahto (BJP),Rajasthan,Barmer
Shri Gajendra Singh Shekhawat(Won),Dr. Banshilal Mahto (BJP),Rajasthan,Jodhpur
Shri Arjun Ram Meghwal(Won),Dr. Banshilal Mahto (BJP),Rajasthan,Bikaner
Shri Nihal Chand Chauhan(Won),Dr. Banshilal Mahto (BJP),Rajasthan,Ganganagar
Rajveer Singh(Leading),Dr. Banshilal Mahto (BJP),Uttar Pradesh,Etah
"Shri Rahul Kaswan, MP(Won)",Dr. Banshilal Mahto (BJP),Rajasthan,Churu
Shri Narendra Khinchal(Won),Dr. Banshilal Mahto (BJP),Rajasthan,Jhunjhunu
Shri Sumedhanand Saraswati(Won),Dr. Banshilal Mahto (BJP),Rajasthan,Sikar
Hanuman Beniwal(Won),Dr. Banshilal Mahto (BJP),Rajasthan,Nagaur
Smt Diya Kumari(Won),Dr. Banshilal Mahto (BJP),Rajasthan,Rajsamand
Shri P P Chaudhary(Won),Dr. Banshilal Mahto (BJP),Rajasthan,Pali
Shri Devji Mansingram Patel(Won),Dr. Banshilal Mahto (BJP),Rajasthan,Jalore
Shri Arjunlal Meena(Won),Dr. Banshilal Mahto (BJP),Rajasthan,Udaipur
GS Damor(Leading),Dr. Banshilal Mahto (BJP),Madhya Pradesh,Ratlam
Shri Kanak Mal Katara(Won),Dr. Banshilal Mahto (BJP),Rajasthan,Banswara
Shri C. P. Joshi(Won),Dr. Banshilal Mahto (BJP),Rajasthan,Chittorgarh
Smt Diya Kumari(Won),Dr. Banshilal Mahto (BJP),Rajasthan,Rajsamand
Shri Subhash Chandra Baheria(Won),Dr. Banshilal Mahto (BJP),Rajasthan,Bhilwara
Shri Sukhbir Singh Jaunapuria(Won),Dr. Banshilal Mahto (BJP),Rajasthan,Tonk-Sawai Madhopur
Shri Om Birla(Won),Dr. Banshilal Mahto (BJP),Rajasthan,Kota
Shri C. P. Joshi(Won),Dr. Banshilal Mahto (BJP),Rajasthan,Chittorgarh
Shri Dushyant Singh(Won),Dr. Banshilal Mahto (BJP),Rajasthan,Jhalawar-Baran
Shri Narendra Singh Tomar(Leading),Dr. Banshilal Mahto (BJP),Madhya Pradesh,Morena
Shri Manoj Rajuriya(Won),Dr. Banshilal Mahto (BJP),Rajasthan,Karauli-Dholpur
Smt Ranjeeta Kohli(Won),Dr. Banshilal Mahto (BJP),Rajasthan,Bharatpur
Jas Kaur Meena(Won),Dr. Banshilal Mahto (BJP),Rajasthan,Dausa
Col. Rajyavardhan Singh Rathore(Leading),Dr. Banshilal Mahto (BJP),Rajasthan,Jaipur Rural
Santosh Kumar Gangwar(Leading),Dr. Banshilal Mahto (BJP),Uttar Pradesh,Bareilly
Varun Gandhi(Won),Dr. Banshilal Mahto (BJP),Uttar Pradesh,Pilibhit
Shri Krishan Pal Gurjar(Leading),Dr. Banshilal Mahto (BJP),Haryana,Faridabad
Shri Balak Nath(Won),Dr. Banshilal Mahto (BJP),Rajasthan,Alwar
Smt Ranjeeta Kohli(Won),Dr. Banshilal Mahto (BJP),Rajasthan,Bharatpur
Shri Balak Nath(Won),Dr. Banshilal Mahto (BJP),Rajasthan,Alwar
Shri Sumedhanand Saraswati(Won),Dr. Banshilal Mahto (BJP),Rajasthan,Sikar
Col. Rajyavardhan Singh Rathore(Leading),Dr. Banshilal Mahto (BJP),Rajasthan,Jaipur Rural
Shri Sumedhanand Saraswati(Won),Dr. Banshilal Mahto (BJP),Rajasthan,Sikar
Shri Narendra Khinchal(Won),Dr. Banshilal Mahto (BJP),Rajasthan,Jhunjhunu
"Shri Rahul Kaswan, MP(Won)",Dr. Banshilal Mahto (BJP),Rajasthan,Churu
Shri Nihal Chand Chauhan(Won),Dr. Banshilal Mahto (BJP),Rajasthan,Ganganagar
Hanuman Beniwal(Won),Dr. Banshilal Mahto (BJP),Rajasthan,Nagaur
Shri Dharmvir Singh(Leading),Dr. Banshilal Mahto (BJP),Haryana,Bhiwani-Mahendragarh
Shri Ramswroop Sharma(Won),Dr. Banshilal Mahto (BJP),Himachal Pradesh,Mandi
Preneet Kaur(Won),Dr. Banshilal Mahto (BJP),Punjab,Patiala
Mohd. Sadique(Leading),Dr. Banshilal Mahto (BJP),Punjab,Faridkot
Jasbir Singh Gill (Dimpa)(Won),Dr. Banshilal Mahto (BJP),Punjab,Khadoor Sahib
Gurjit Singh Aujla(Won),Dr. Banshilal Mahto (BJP),Punjab,Amritsar
Sukhbir Singh Badal(Won),Dr. Banshilal Mahto (BJP),Punjab,Firozpur
Smt Suneeta Duggal(Leading),Dr. Banshilal Mahto (BJP),Haryana,Sirsa
Brijendra Singh(Won),Dr. Banshilal Mahto (BJP),Haryana,Hisar
Shri Dharmvir Singh(Leading),Dr. Banshilal Mahto (BJP),Haryana,Bhiwani-Mahendragarh
Arvind Sharma(Leading),Dr. Banshilal Mahto (BJP),Haryana,Rohtak
Shri Rao Indrajeet Singh(Leading),Dr. Banshilal Mahto (BJP),Haryana,Gurgaon
Shri Krishan Pal Gurjar(Leading),Dr. Banshilal Mahto (BJP),Haryana,Faridabad
Sh. Ramesh Bidhuri(Leading),Dr. Banshilal Mahto (BJP),Delhi,South Delhi
Meenakshi(Leading),Dr. Banshilal Mahto (BJP),Delhi,New Delhi
Sh. Gautam Gambhir(Won),Dr. Banshilal Mahto (BJP),Delhi,East Delhi
Sh. Manoj Tiwari(Leading),Dr. Banshilal Mahto (BJP),Delhi,North East Delhi
Dr. Harshvardhan(Leading),Dr. Banshilal Mahto (BJP),Delhi,Chandni Chowk
Shri Hansraj Hans(Leading),Dr. Banshilal Mahto (BJP),Delhi,North West Delhi
Dr. Harshvardhan(Leading),Dr. Banshilal Mahto (BJP),Delhi,Chandni Chowk
Shri Hansraj Hans(Leading),Dr. Banshilal Mahto (BJP),Delhi,North West Delhi
Sh. Pravesh Verma(Leading),Dr. Banshilal Mahto (BJP),Delhi,West Delhi
Korba,Dr. Banshilal Mahto (BJP),Haryana,Sonipat
Shri Sanjay Bhatiya(Leading),Dr. Banshilal Mahto (BJP),Haryana,Karnal
Shri Nayab Singh Saini(Leading),Dr. Banshilal Mahto (BJP),Haryana,Kurukshetra
Shri Ratan Lal Katariya(Leading),Dr. Banshilal Mahto (BJP),Haryana,Ambala
Smt. Kirron Kher(Leading),Dr. Banshilal Mahto (BJP),Chandigarh,Chandigarh
Manish Tewari(Won),Dr. Banshilal Mahto (BJP),Punjab,Anandpur Sahib
Dr. Amar Singh(Leading),Dr. Banshilal Mahto (BJP),Punjab,Fatehgarh Sahib
Preneet Kaur(Won),Dr. Banshilal Mahto (BJP),Punjab,Patiala
Dr. Amar Singh(Leading),Dr. Banshilal Mahto (BJP),Punjab,Fatehgarh Sahib
Preneet Kaur(Won),Dr. Banshilal Mahto (BJP),Punjab,Patiala
Bhagwant Mann(Leading),Dr. Banshilal Mahto (BJP),Punjab,Sangrur
Dr. Amar Singh(Leading),Dr. Banshilal Mahto (BJP),Punjab,Fatehgarh Sahib
Ravneet Singh Bittu(Won),Dr. Banshilal Mahto (BJP),Punjab,Ludhiana
Santokh Singh Shaudhary(Won),Dr. Banshilal Mahto (BJP),Punjab,Jalandhar
Sh. Som Prakash(Won),Dr. Banshilal Mahto (BJP),Punjab,Hoshiarpur
Sunny Deol(Leading),Dr. Banshilal Mahto (BJP),Punjab,Gurdaspur
Gurjit Singh Aujla(Won),Dr. Banshilal Mahto (BJP),Punjab,Amritsar
Jasbir Singh Gill (Dimpa)(Won),Dr. Banshilal Mahto (BJP),Punjab,Khadoor Sahib
Sukhbir Singh Badal(Won),Dr. Banshilal Mahto (BJP),Punjab,Firozpur
Jasbir Singh Gill (Dimpa)(Won),Dr. Banshilal Mahto (BJP),Punjab,Khadoor Sahib
Mohd. Sadique(Leading),Dr. Banshilal Mahto (BJP),Punjab,Faridkot
Harsimrat Kaur Badal(Won),Dr. Banshilal Mahto (BJP),Punjab,Bathinda
Brijendra Singh(Won),Dr. Banshilal Mahto (BJP),Haryana,Hisar
Shri Dharmvir Singh(Leading),Dr. Banshilal Mahto (BJP),Haryana,Bhiwani-Mahendragarh
Arvind Sharma(Leading),Dr. Banshilal Mahto (BJP),Haryana,Rohtak
Jayant Chaudhary(Leading),Dr. Banshilal Mahto (BJP),Uttar Pradesh,Baghpat
Malook Nagar(Leading),Dr. Banshilal Mahto (BJP),Uttar Pradesh,Bijnor
MALA RAJYA LAXMI SHAH(Leading),Dr. Banshilal Mahto (BJP),Uttarakhand,Tehri Garhwal
Shri Suresh Kashyap(Won),Dr. Banshilal Mahto (BJP),Himachal Pradesh,Shimla
Shri Jamyang Tsering Namgyal(Leading),Dr. Banshilal Mahto (BJP),Jammu and Kashmir,Ladakh
Shri Ramswroop Sharma(Won),Dr. Banshilal Mahto (BJP),Himachal Pradesh,Mandi
Shri Anurag Thakur(Leading),Dr. Banshilal Mahto (BJP),Himachal Pradesh,Hamirpur
Shri Kishan Kapoor(Won),Dr. Banshilal Mahto (BJP),Himachal Pradesh,Kangra
Dr. Jitendra Singh(Leading),Dr. Banshilal Mahto (BJP),Jammu and Kashmir,Udhampur
Shri Jugal Kishore Sharma(Leading),Dr. Banshilal Mahto (BJP),Jammu and Kashmir,Jammu
Mohammad Akbar Lone(Leading),Dr. Banshilal Mahto (BJP),Jammu and Kashmir,Baramulla
Farooq Abdullah(Won),Dr. Banshilal Mahto (BJP),Jammu and Kashmir,Srinagar
Hasnain Masoodi(Won),Dr. Banshilal Mahto (BJP),Jammu and Kashmir,Anantnag
Shri Jamyang Tsering Namgyal(Leading),Dr. Banshilal Mahto (BJP),Jammu and Kashmir,Ladakh
Shri Ramswroop Sharma(Won),Dr. Banshilal Mahto (BJP),Himachal Pradesh,Mandi
MALA RAJYA LAXMI SHAH(Leading),Dr. Banshilal Mahto (BJP),Uttarakhand,Tehri Garhwal
Pankaj Choudhary(Leading),Dr. Banshilal Mahto (BJP),Uttar Pradesh,Maharajganj
Shri Tirath Singh Rawat(Leading),Dr. Banshilal Mahto (BJP),Uttarakhand,Garhwal
MALA RAJYA LAXMI SHAH(Leading),Dr. Banshilal Mahto (BJP),Uttarakhand,Tehri Garhwal
Shri Tirath Singh Rawat(Leading),Dr. Banshilal Mahto (BJP),Uttarakhand,Garhwal
Shri Ajay Tamta(Leading),Dr. Banshilal Mahto (BJP),Uttarakhand,Almora
Shri Suresh Kashyap(Won),Dr. Banshilal Mahto (BJP),Himachal Pradesh,Shimla
MALA RAJYA LAXMI SHAH(Leading),Dr. Banshilal Mahto (BJP),Uttarakhand,Tehri Garhwal
Dr. Ramesh Pokhriyal (Nishank)(Won),Dr. Banshilal Mahto (BJP),Uttarakhand,Hardwar
Shri Tirath Singh Rawat(Leading),Dr. Banshilal Mahto (BJP),Uttarakhand,Garhwal
Dr. Ramesh Pokhriyal (Nishank)(Won),Dr. Banshilal Mahto (BJP),Uttarakhand,Hardwar
Haji Fazulrahman(Won),Dr. Banshilal Mahto (BJP),Uttar Pradesh,Saharanpur
Pradeep Choudhary(Leading),Dr. Banshilal Mahto (BJP),Uttar Pradesh,Kairana
Sanjeev Balyanl(Leading),Dr. Banshilal Mahto (BJP),Uttar Pradesh,Muzaffarnagar
Jayant Chaudhary(Leading),Dr. Banshilal Mahto (BJP),Uttar Pradesh,Baghpat
V. K. Singh(Leading),Dr. Banshilal Mahto (BJP),Uttar Pradesh,Ghaziabad
Mahesh Sharma(Leading),Dr. Banshilal Mahto (BJP),Uttar Pradesh,Gautam Buddha Nagar
Bhola Singh(Won),Dr. Banshilal Mahto (BJP),Uttar Pradesh,Bulandshahr
Sangh Mitra Maurya(Leading),Dr. Banshilal Mahto (BJP),Uttar Pradesh,Badaun
Santosh Kumar Gangwar(Leading),Dr. Banshilal Mahto (BJP),Uttar Pradesh,Bareilly
Shree Azam Khan(Leading),Dr. Banshilal Mahto (BJP),Uttar Pradesh,Rampur
Shree Shafiqur Rahman Barq(Leading),Dr. Banshilal Mahto (BJP),Uttar Pradesh,Sambhal
Kunwar Danish Ali(Won),Dr. Banshilal Mahto (BJP),Uttar Pradesh,Amroha
Malook Nagar(Leading),Dr. Banshilal Mahto (BJP),Uttar Pradesh,Bijnor
Girish Chandra(Won),Dr. Banshilal Mahto (BJP),Uttar Pradesh,Nagina
Shri Ajay Bhatt(Won),Dr. Banshilal Mahto (BJP),Uttarakhand,Nainital-Udhamsingh Nagar
Shri Ajay Tamta(Leading),Dr. Banshilal Mahto (BJP),Uttarakhand,Almora
Arun Sagar(Won),Dr. Banshilal Mahto (BJP),Uttar Pradesh,Shahjahanpur
Varun Gandhi(Won),Dr. Banshilal Mahto (BJP),Uttar Pradesh,Pilibhit
Dharmendra Kashyap(Leading),Dr. Banshilal Mahto (BJP),Uttar Pradesh,Aonla
Sangh Mitra Maurya(Leading),Dr. Banshilal Mahto (BJP),Uttar Pradesh,Badaun
Satish Kumar Gautam(Won),Dr. Banshilal Mahto (BJP),Uttar Pradesh,Aligarh
Hema Malini(Leading),Dr. Banshilal Mahto (BJP),Uttar Pradesh,Mathura
Raj Kumar Chaher(Leading),Dr. Banshilal Mahto (BJP),Uttar Pradesh,Fatehpur Sikri
Chandra Sen Jadun(Leading),Dr. Banshilal Mahto (BJP),Uttar Pradesh,Firozabad
S. P. Singh Baghel(Leading),Dr. Banshilal Mahto (BJP),Uttar Pradesh,Agra
Rajveer Singh(Leading),Dr. Banshilal Mahto (BJP),Uttar Pradesh,Etah
Mukesh Rajput(Won),Dr. Banshilal Mahto (BJP),Uttar Pradesh,Farrukhabad
Dharmendra Kashyap(Leading),Dr. Banshilal Mahto (BJP),Uttar Pradesh,Aonla
Arun Sagar(Won),Dr. Banshilal Mahto (BJP),Uttar Pradesh,Shahjahanpur
Ajay Kumar Mishra(Won),Dr. Banshilal Mahto (BJP),Uttar Pradesh,Kheri
Rekha Verma(Leading),Dr. Banshilal Mahto (BJP),Uttar Pradesh,Dhaurahra
Akshayvara Lal Gaud(Won),Dr. Banshilal Mahto (BJP),Uttar Pradesh,Bahraich
Brij Bhushan Sharan Singh(Leading),Dr. Banshilal Mahto (BJP),Uttar Pradesh,Kaiserganj
Upendra Rawat(Leading),Dr. Banshilal Mahto (BJP),Uttar Pradesh,Barabanki
Kaushal Kishore(Leading),Dr. Banshilal Mahto (BJP),Uttar Pradesh,Mohanlalganj
Jai Prakash Rawat(Won),Dr. Banshilal Mahto (BJP),Uttar Pradesh,Hardoi
Mukesh Rajput(Won),Dr. Banshilal Mahto (BJP),Uttar Pradesh,Farrukhabad
Shree Mulayam Singh Yadav(Won),Dr. Banshilal Mahto (BJP),Uttar Pradesh,Mainpuri
Ram Katheria(Leading),Dr. Banshilal Mahto (BJP),Uttar Pradesh,Etawah
Bhanu Pratap Singh Verma(Won),Dr. Banshilal Mahto (BJP),Uttar Pradesh,Jalaun
Devendra Singh Bhole(Leading),Dr. Banshilal Mahto (BJP),Uttar Pradesh,Akbarpur
Ashok Kumar Rawat(Leading),Dr. Banshilal Mahto (BJP),Uttar Pradesh,Misrikh
Devendra Singh Bhole(Leading),Dr. Banshilal Mahto (BJP),Uttar Pradesh,Akbarpur
Satyadev Pachauri(Leading),Dr. Banshilal Mahto (BJP),Uttar Pradesh,Kanpur
Sakshi Maharaj(Won),Dr. Banshilal Mahto (BJP),Uttar Pradesh,Unnao
Kaushal Kishore(Leading),Dr. Banshilal Mahto (BJP),Uttar Pradesh,Mohanlalganj
Rajnath Singh(Leading),Dr. Banshilal Mahto (BJP),Uttar Pradesh,Lucknow
Upendra Rawat(Leading),Dr. Banshilal Mahto (BJP),Uttar Pradesh,Barabanki
Brij Bhushan Sharan Singh(Leading),Dr. Banshilal Mahto (BJP),Uttar Pradesh,Kaiserganj
Kirti Vardhan Singh(Won),Dr. Banshilal Mahto (BJP),Uttar Pradesh,Gonda
Shri Ramasheromani Verma(Won),Dr. Banshilal Mahto (BJP),Uttar Pradesh,Shrawasti
Jagdambika Pal(Won),Dr. Banshilal Mahto (BJP),Uttar Pradesh,Domariyaganj
Smt Annapurna Devi Yadav(Leading),Dr. Banshilal Mahto (BJP),Jharkhand,Kodarma
Vijay Dubey(Leading),Dr. Banshilal Mahto (BJP),Uttar Pradesh,Kushi Nagar
Ravi Kishan(Won),Dr. Banshilal Mahto (BJP),Uttar Pradesh,Gorakhpur
Pankaj Choudhary(Leading),Dr. Banshilal Mahto (BJP),Uttar Pradesh,Maharajganj
Harish Dwivedi(Leading),Dr. Banshilal Mahto (BJP),Uttar Pradesh,Basti
Brij Bhushan Sharan Singh(Leading),Dr. Banshilal Mahto (BJP),Uttar Pradesh,Kaiserganj
Lallu Singh(Leading),Dr. Banshilal Mahto (BJP),Uttar Pradesh,Faizabad
Smriti Irani(Leading),Dr. Banshilal Mahto (BJP),Uttar Pradesh,Amethi
Sonia Gandhi(Won),Dr. Banshilal Mahto (BJP),Uttar Pradesh,Rae Bareli
Niranjan Jyoti(Won),Dr. Banshilal Mahto (BJP),Uttar Pradesh,Fatehpur
Pushpendra Singh Chandel(Leading),Dr. Banshilal Mahto (BJP),Uttar Pradesh,Hamirpur
Bhanu Pratap Singh Verma(Won),Dr. Banshilal Mahto (BJP),Uttar Pradesh,Jalaun
Anurag Sharma(Leading),Dr. Banshilal Mahto (BJP),Uttar Pradesh,Jhansi
R. K. Singh Patel(Won),Dr. Banshilal Mahto (BJP),Uttar Pradesh,Banda
VINOD KUMAR SONKAR(Won),Dr. Banshilal Mahto (BJP),Uttar Pradesh,Kaushambi
Rita Bahuguna Joshi(Leading),Dr. Banshilal Mahto (BJP),Uttar Pradesh,Allahabad
Keshri Patel(Leading),Dr. Banshilal Mahto (BJP),Uttar Pradesh,Phulpur
Sangam Lal Gupta(Won),Dr. Banshilal Mahto (BJP),Uttar Pradesh,Pratapgarh
Maneka Gandhi(Won),Dr. Banshilal Mahto (BJP),Uttar Pradesh,Sultanpur
Shri Ritesh Pandey(Leading),Dr. Banshilal Mahto (BJP),Uttar Pradesh,Ambedkar Nagar
Praveen Kumar Nishad(Leading),Dr. Banshilal Mahto (BJP),Uttar Pradesh,Sant Kabir Nagar
Ravi Kishan(Won),Dr. Banshilal Mahto (BJP),Uttar Pradesh,Gorakhpur
Vijay Dubey(Leading),Dr. Banshilal Mahto (BJP),Uttar Pradesh,Kushi Nagar
Baidya Nath Prasad Mahato JD(U)(Won),Dr. Banshilal Mahto (BJP),Bihar,Valmiki Nagar
Ramapati Ram Tripathi(Leading),Dr. Banshilal Mahto (BJP),Uttar Pradesh,Deoria
Kamlesh Paswan(Won),Dr. Banshilal Mahto (BJP),Uttar Pradesh,Bansgaon
Shree Akhilesh Yadav(Leading),Dr. Banshilal Mahto (BJP),Uttar Pradesh,Azamgarh
Smt. Sangeeta(Leading),Dr. Banshilal Mahto (BJP),Uttar Pradesh,Lalganj
Shri Ritesh Pandey(Leading),Dr. Banshilal Mahto (BJP),Uttar Pradesh,Ambedkar Nagar
Smt. Sangeeta(Leading),Dr. Banshilal Mahto (BJP),Uttar Pradesh,Lalganj
Shri Shyam Singh Yadav(Leading),Dr. Banshilal Mahto (BJP),Uttar Pradesh,Jaunpur
Shri T Ram(Leading),Dr. Banshilal Mahto (BJP),Uttar Pradesh,Machhlishahr
Narendra Modi(Won),Dr. Banshilal Mahto (BJP),Uttar Pradesh,Varanasi
Ramesh Bind(Leading),Dr. Banshilal Mahto (BJP),Uttar Pradesh,Bhadohi
Rita Bahuguna Joshi(Leading),Dr. Banshilal Mahto (BJP),Uttar Pradesh,Allahabad
Anupriya Patel(Leading),Dr. Banshilal Mahto (BJP),Uttar Pradesh,Mirzapur
Pakauri Lal(Won),Dr. Banshilal Mahto (BJP),Uttar Pradesh,Robertsganj
Anupriya Patel(Leading),Dr. Banshilal Mahto (BJP),Uttar Pradesh,Mirzapur
Pakauri Lal(Won),Dr. Banshilal Mahto (BJP),Uttar Pradesh,Robertsganj
Mahendra Nath Pandey(Leading),Dr. Banshilal Mahto (BJP),Uttar Pradesh,Chandauli
Shri Afzal Ansari(Leading),Dr. Banshilal Mahto (BJP),Uttar Pradesh,Ghazipur
Virendra Singh Mast(Won),Dr. Banshilal Mahto (BJP),Uttar Pradesh,Ballia
Shri Atul Rai(Leading),Dr. Banshilal Mahto (BJP),Uttar Pradesh,Ghosi
Virendra Singh Mast(Won),Dr. Banshilal Mahto (BJP),Uttar Pradesh,Ballia
Ravindra Kushawaha(Won),Dr. Banshilal Mahto (BJP),Uttar Pradesh,Salempur
Virendra Singh Mast(Won),Dr. Banshilal Mahto (BJP),Uttar Pradesh,Ballia
Kavita Singh JD(U)(Leading),Dr. Banshilal Mahto (BJP),Bihar,Siwan
Janardan Singh Sigriwal (BJP)(Won),Dr. Banshilal Mahto (BJP),Bihar,Maharajganj
Kavita Singh JD(U)(Leading),Dr. Banshilal Mahto (BJP),Bihar,Siwan
Dr. Alok Kumar Suman JD(U)(Won),Dr. Banshilal Mahto (BJP),Bihar,Gopalganj
Ramapati Ram Tripathi(Leading),Dr. Banshilal Mahto (BJP),Uttar Pradesh,Deoria
Baidya Nath Prasad Mahato JD(U)(Won),Dr. Banshilal Mahto (BJP),Bihar,Valmiki Nagar
Dr. Sanjay Jaiswal (BJP)(Won),Dr. Banshilal Mahto (BJP),Bihar,Paschim Champaran
Smt. Rama Devi (BJP)(Leading),Dr. Banshilal Mahto (BJP),Bihar,Sheohar
Dr. Varun Kumar JD(U)(Won),Dr. Banshilal Mahto (BJP),Bihar,Sitamarhi
Ashok Kumar Yadav (BJP)(Won),Dr. Banshilal Mahto (BJP),Bihar,Madhubani
Gopal Ji Thakur (BJP)(Won),Dr. Banshilal Mahto (BJP),Bihar,Darbhanga
Ajay Nishad (BJP)(Leading),Dr. Banshilal Mahto (BJP),Bihar,Muzaffarpur
Veena Devi (LJP)(Leading),Dr. Banshilal Mahto (BJP),Bihar,Vaishali
Radha Mohan Singh (BJP)(Leading),Dr. Banshilal Mahto (BJP),Bihar,Purvi Champaran
Dr. Alok Kumar Suman JD(U)(Won),Dr. Banshilal Mahto (BJP),Bihar,Gopalganj
Janardan Singh Sigriwal (BJP)(Won),Dr. Banshilal Mahto (BJP),Bihar,Maharajganj
Rajiv Pratap Rudy (BJP)(Leading),Dr. Banshilal Mahto (BJP),Bihar,Saran
Pashupati Kumar Paras (LJP)(Leading),Dr. Banshilal Mahto (BJP),Bihar,Hajipur
Nityanand Rai (BJP)(Won),Dr. Banshilal Mahto (BJP),Bihar,Ujiarpur
Ramchandra Paswan (LJP)(Won),Dr. Banshilal Mahto (BJP),Bihar,Samastipur
Giriraj Singh (BJP)(Won),Dr. Banshilal Mahto (BJP),Bihar,Begusarai
Choudhary Mehboob Ali Kaiser(Leading),Dr. Banshilal Mahto (BJP),Bihar,Khagaria
Gopal Ji Thakur (BJP)(Won),Dr. Banshilal Mahto (BJP),Bihar,Darbhanga
Ram Preet Mandal JD(U)(Won),Dr. Banshilal Mahto (BJP),Bihar,Jhanjharpur
Ashok Kumar Yadav (BJP)(Won),Dr. Banshilal Mahto (BJP),Bihar,Madhubani
Dileshwar Kamath JD(U)(Won),Dr. Banshilal Mahto (BJP),Bihar,Supaul
Pradeep Singh (BJP)(Won),Dr. Banshilal Mahto (BJP),Bihar,Araria
Mohammad Javed (Congress)(Won),Dr. Banshilal Mahto (BJP),Bihar,Kishanganj
Smt. Deboshree Chaudhary(Leading),Dr. Banshilal Mahto (BJP),West Bengal,Raiganj
Dular Chand Goswami JD(U)(Won),Dr. Banshilal Mahto (BJP),Bihar,Katihar
Santosh Kumar Kushwah JD(U)(Won),Dr. Banshilal Mahto (BJP),Bihar,Purnia
Choudhary Mehboob Ali Kaiser(Leading),Dr. Banshilal Mahto (BJP),Bihar,Khagaria
Ramchandra Paswan (LJP)(Won),Dr. Banshilal Mahto (BJP),Bihar,Samastipur
Nityanand Rai (BJP)(Won),Dr. Banshilal Mahto (BJP),Bihar,Ujiarpur
Pashupati Kumar Paras (LJP)(Leading),Dr. Banshilal Mahto (BJP),Bihar,Hajipur
Ravi Shankar Prasad-BJP(Leading),Dr. Banshilal Mahto (BJP),Bihar,Patna Sahib
Ram Krapal Yadav (BJP)(Leading),Dr. Banshilal Mahto (BJP),Bihar,Pataliputra
Rajkumar Singh (BJP)(Won),Dr. Banshilal Mahto (BJP),Bihar,Arrah
Ashwini Kumar Choubey (BJP)(Won),Dr. Banshilal Mahto (BJP),Bihar,Buxar
Chedi Paswan (BJP)(Won),Dr. Banshilal Mahto (BJP),Bihar,Sasaram
Pakauri Lal(Won),Dr. Banshilal Mahto (BJP),Uttar Pradesh,Robertsganj
Susheel Kumar Singh (BJP)(Leading),Dr. Banshilal Mahto (BJP),Bihar,Aurangabad
Vijay Kumar Manjhi JD(U)(Leading),Dr. Banshilal Mahto (BJP),Bihar,Gaya
Chandan Kumar (LJP)(Won),Dr. Banshilal Mahto (BJP),Bihar,Nawada
Chandeshwar Prasad Chandravanshi JD(U)(Leading),Dr. Banshilal Mahto (BJP),Bihar,Jahanabad
Kaushalendra Kumar JD(U)(Leading),Dr. Banshilal Mahto (BJP),Bihar,Nalanda
Rajiv Ranjan Singh urf Lallan Singh JD(U)(Leading),Dr. Banshilal Mahto (BJP),Bihar,Munger
Chirag Kumar Paswan (LJP)(Won),Dr. Banshilal Mahto (BJP),Bihar,Jamui
Girdhari Yadav JD(U)(Leading),Dr. Banshilal Mahto (BJP),Bihar,Banka
Ajay Kumar Mandal JD(U)(Leading),Dr. Banshilal Mahto (BJP),Bihar,Bhagalpur
Vijay Hansda (JMM)(Leading),Dr. Banshilal Mahto (BJP),Jharkhand,Rajmahal
Abu Hasem Khan Chowdhury(Leading),Dr. Banshilal Mahto (BJP),West Bengal,Maldaha Dakshin
Shri Khagen Murmu(Leading),Dr. Banshilal Mahto (BJP),West Bengal,Maldaha Uttar
Dr Sukanta Majumdar(Leading),Dr. Banshilal Mahto (BJP),West Bengal,Balurghat
Smt. Deboshree Chaudhary(Leading),Dr. Banshilal Mahto (BJP),West Bengal,Raiganj
Mohammad Javed (Congress)(Won),Dr. Banshilal Mahto (BJP),Bihar,Kishanganj
Smt. Deboshree Chaudhary(Leading),Dr. Banshilal Mahto (BJP),West Bengal,Raiganj
Indra Hang Subba(Leading),Dr. Banshilal Mahto (BJP),Sikkim,Sikkim
Shri Raju Singh Bisht(Leading),Dr. Banshilal Mahto (BJP),West Bengal,Darjeeling
Dr Jayanta Ray(Leading),Dr. Banshilal Mahto (BJP),West Bengal,Jalpaiguri
Shri John Barla(Leading),Dr. Banshilal Mahto (BJP),West Bengal,Alipurduars
Shri Nisith Pramanik(Leading),Dr. Banshilal Mahto (BJP),West Bengal,Cooch Behar
naba kumar sarania(Leading),Dr. Banshilal Mahto (BJP),Assam,Kokrajhar
Abdul Khaleque(Leading),Dr. Banshilal Mahto (BJP),Assam,Barpeta
Queen Oja(Leading),Dr. Banshilal Mahto (BJP),Assam,Gauhati
Badruddin Ajmal(Leading),Dr. Banshilal Mahto (BJP),Assam,Dhubri
AGATHA K. SANGMA(Leading),Dr. Banshilal Mahto (BJP),Meghalaya,Tura
Vincent H Pala(Won),Dr. Banshilal Mahto (BJP),Meghalaya,Shillong
Shri Horensingh Bey(Leading),Dr. Banshilal Mahto (BJP),Assam,Autonomous District
Shri Dilip Saikia(Leading),Dr. Banshilal Mahto (BJP),Assam,Mangaldoi
Pradyut Bordoloi(Leading),Dr. Banshilal Mahto (BJP),Assam,Nowgong
Shri Dilip Saikia(Leading),Dr. Banshilal Mahto (BJP),Assam,Mangaldoi
Queen Oja(Leading),Dr. Banshilal Mahto (BJP),Assam,Gauhati
Gaurav Gogoi(Leading),Dr. Banshilal Mahto (BJP),Assam,Kaliabor
Sjt. Pallab Lochan Das(Leading),Dr. Banshilal Mahto (BJP),Assam,Tezpur
Shri Kiren Rijiju(Leading),Dr. Banshilal Mahto (BJP),Arunachal Pradesh,Arunachal West
Shri Tapir Gao(Leading),Dr. Banshilal Mahto (BJP),Arunachal Pradesh,Arunachal East
Shri Pradan Baruah(Leading),Dr. Banshilal Mahto (BJP),Assam,Lakhimpur
Shri Rameswar Teli(Leading),Dr. Banshilal Mahto (BJP),Assam,Dibrugarh
Shri Tapan Gogai(Leading),Dr. Banshilal Mahto (BJP),Assam,Jorhat
K.L.Chishi(Leading),Dr. Banshilal Mahto (BJP),Nagaland,Nagaland
Gaurav Gogoi(Leading),Dr. Banshilal Mahto (BJP),Assam,Kaliabor
Shri Horensingh Bey(Leading),Dr. Banshilal Mahto (BJP),Assam,Autonomous District
Pradyut Bordoloi(Leading),Dr. Banshilal Mahto (BJP),Assam,Nowgong
Gaurav Gogoi(Leading),Dr. Banshilal Mahto (BJP),Assam,Kaliabor
Vincent H Pala(Won),Dr. Banshilal Mahto (BJP),Meghalaya,Shillong
AGATHA K. SANGMA(Leading),Dr. Banshilal Mahto (BJP),Meghalaya,Tura
Badruddin Ajmal(Leading),Dr. Banshilal Mahto (BJP),Assam,Dhubri
Shri Horensingh Bey(Leading),Dr. Banshilal Mahto (BJP),Assam,Autonomous District
K.L.Chishi(Leading),Dr. Banshilal Mahto (BJP),Nagaland,Nagaland
Lorho S. Pfoze(Leading),Dr. Banshilal Mahto (BJP),Manipur,Outer Manipur
Dr Rajkumar Ranjan Singh(Leading),Dr. Banshilal Mahto (BJP),Manipur,Inner Manipur
Dr Rajdeep Roy Bengali(Leading),Dr. Banshilal Mahto (BJP),Assam,Silchar
Shri Kripanath Mallah(Leading),Dr. Banshilal Mahto (BJP),Assam,Karimganj
C Lalrosanga(Won),Dr. Banshilal Mahto (BJP),Mizoram,Mizoram
Rebati Tripura(Leading),Dr. Banshilal Mahto (BJP),Tripura,Tripura East
Shri Rebati Tripura(Leading),Dr. Banshilal Mahto (BJP),Tripura,Tripura West
Rebati Tripura(Leading),Dr. Banshilal Mahto (BJP),Tripura,Tripura East
Mimi Chakraborty(Won),Dr. Banshilal Mahto (BJP),West Bengal,Jadavpur
Shri Jayant Sinha(Leading),Dr. Banshilal Mahto (BJP),Jharkhand,Hazaribagh
Shri Nishikant Dubey(Leading),Dr. Banshilal Mahto (BJP),Jharkhand,Godda
Abu Hasem Khan Chowdhury(Leading),Dr. Banshilal Mahto (BJP),West Bengal,Maldaha Dakshin
Shri Khagen Murmu(Leading),Dr. Banshilal Mahto (BJP),West Bengal,Maldaha Uttar
Abu Hasem Khan Chowdhury(Leading),Dr. Banshilal Mahto (BJP),West Bengal,Maldaha Dakshin
Khalilur Rehman(Won),Dr. Banshilal Mahto (BJP),West Bengal,Jangipur
Vijay Hansda (JMM)(Leading),Dr. Banshilal Mahto (BJP),Jharkhand,Rajmahal
Shri Nishikant Dubey(Leading),Dr. Banshilal Mahto (BJP),Jharkhand,Godda
Chirag Kumar Paswan (LJP)(Won),Dr. Banshilal Mahto (BJP),Bihar,Jamui
Smt Annapurna Devi Yadav(Leading),Dr. Banshilal Mahto (BJP),Jharkhand,Kodarma
Shri Jayant Sinha(Leading),Dr. Banshilal Mahto (BJP),Jharkhand,Hazaribagh
Shri Sunil Singh(Leading),Dr. Banshilal Mahto (BJP),Jharkhand,Chatra
Shri Vishnu Dayal Ram(Leading),Dr. Banshilal Mahto (BJP),Jharkhand,Palamau
Shri Sunil Singh(Leading),Dr. Banshilal Mahto (BJP),Jharkhand,Chatra
Shri Sudarshan Bhagat(Leading),Dr. Banshilal Mahto (BJP),Jharkhand,Lohardaga
Shri Arjun Munda(Leading),Dr. Banshilal Mahto (BJP),Jharkhand,Khunti
Smt Geeta Kora (INC)(Leading),Dr. Banshilal Mahto (BJP),Jharkhand,Singhbhum
Shri Sanjay Seth(Leading),Dr. Banshilal Mahto (BJP),Jharkhand,Ranchi
Shri Jyotirmoy Mahto(Leading),Dr. Banshilal Mahto (BJP),West Bengal,Purulia
Chandraprakash Choudhary(AJSU)(Won),Dr. Banshilal Mahto (BJP),Jharkhand,Giridih
Shri Jayant Sinha(Leading),Dr. Banshilal Mahto (BJP),Jharkhand,Hazaribagh
Shri Pashupati Nath Singh(Leading),Dr. Banshilal Mahto (BJP),Jharkhand,Dhanbad
Shri Sunil Soren(Leading),Dr. Banshilal Mahto (BJP),Jharkhand,Dumka
Vijay Hansda (JMM)(Leading),Dr. Banshilal Mahto (BJP),Jharkhand,Rajmahal
Satabdi Roy(Leading),Dr. Banshilal Mahto (BJP),West Bengal,Birbhum
Khalilur Rehman(Won),Dr. Banshilal Mahto (BJP),West Bengal,Jangipur
Abu Hasem Khan Chowdhury(Leading),Dr. Banshilal Mahto (BJP),West Bengal,Maldaha Dakshin
Khalilur Rehman(Won),Dr. Banshilal Mahto (BJP),West Bengal,Jangipur
Abu Taher Khan(Won),Dr. Banshilal Mahto (BJP),West Bengal,Murshidabad
Adhir Ranjan Chowdhury(Leading),Dr. Banshilal Mahto (BJP),West Bengal,Baharampur
Asit Kumar Mal(Leading),Dr. Banshilal Mahto (BJP),West Bengal,Bolpur
Shri S. S. Ahluwaliya(Won),Dr. Banshilal Mahto (BJP),West Bengal,Burdwan-Durgapur
Shri Babul Supriyo(Won),Dr. Banshilal Mahto (BJP),West Bengal,Asansol
Dr Subhash Sarkar(Leading),Dr. Banshilal Mahto (BJP),West Bengal,Bankura
Shri Jyotirmoy Mahto(Leading),Dr. Banshilal Mahto (BJP),West Bengal,Purulia
Dr Kunar Hembram(Leading),Dr. Banshilal Mahto (BJP),West Bengal,Jhargram
Shri Dilip Ghosh(Leading),Dr. Banshilal Mahto (BJP),West Bengal,Medinipur
Dev (Deepak Adhikari)(Won),Dr. Banshilal Mahto (BJP),West Bengal,Ghatal
SUNIL KUMAR MONDAL(Leading),Dr. Banshilal Mahto (BJP),West Bengal,Bardhaman Purba
Aparupa Poddar(Leading),Dr. Banshilal Mahto (BJP),West Bengal,Arambagh
SUNIL KUMAR MONDAL(Leading),Dr. Banshilal Mahto (BJP),West Bengal,Bardhaman Purba
Smt. Locket chaterjee(Won),Dr. Banshilal Mahto (BJP),West Bengal,Hooghly
Dr Mukut Mani Adhikari(Leading),Dr. Banshilal Mahto (BJP),West Bengal,Ranaghat
Shri Shantanu Thakur(Leading),Dr. Banshilal Mahto (BJP),West Bengal,Bangaon
Pratima Mondal(Leading),Dr. Banshilal Mahto (BJP),West Bengal,Joynagar
Mimi Chakraborty(Won),Dr. Banshilal Mahto (BJP),West Bengal,Jadavpur
Pratima Mondal(Leading),Dr. Banshilal Mahto (BJP),West Bengal,Joynagar
Choudhary Mohan Jatua(Leading),Dr. Banshilal Mahto (BJP),West Bengal,Mathurapur
Abhishek Banerjee(Leading),Dr. Banshilal Mahto (BJP),West Bengal,Diamond Harbour
Sajda Ahmed(Won),Dr. Banshilal Mahto (BJP),West Bengal,Uluberia
Dibyendu Adhikari(Won),Dr. Banshilal Mahto (BJP),West Bengal,Tamluk
Sisir Adhikari(Leading),Dr. Banshilal Mahto (BJP),West Bengal,Kanthi
Dev (Deepak Adhikari)(Won),Dr. Banshilal Mahto (BJP),West Bengal,Ghatal
Aparupa Poddar(Leading),Dr. Banshilal Mahto (BJP),West Bengal,Arambagh
Smt. Locket chaterjee(Won),Dr. Banshilal Mahto (BJP),West Bengal,Hooghly
Dinesh Trivedi(),Dr. Banshilal Mahto (BJP),West Bengal,Barrackpore
Dr Kakoli Ghosh Dastidar(Leading),Dr. Banshilal Mahto (BJP),West Bengal,Barasat
Nusrat Jahan(Leading),Dr. Banshilal Mahto (BJP),West Bengal,Basirhat
Pratima Mondal(Leading),Dr. Banshilal Mahto (BJP),West Bengal,Joynagar
Mimi Chakraborty(Won),Dr. Banshilal Mahto (BJP),West Bengal,Jadavpur
Pratima Mondal(Leading),Dr. Banshilal Mahto (BJP),West Bengal,Joynagar
Mimi Chakraborty(Won),Dr. Banshilal Mahto (BJP),West Bengal,Jadavpur
Mala Roy(Won),Dr. Banshilal Mahto (BJP),West Bengal,Kolkata Dakshin
Sudip Bandyopadhyay(Leading),Dr. Banshilal Mahto (BJP),West Bengal,Kolkata Uttar
Kalyan Banerjee(Won),Dr. Banshilal Mahto (BJP),West Bengal,Srerampur
Abhishek Banerjee(Leading),Dr. Banshilal Mahto (BJP),West Bengal,Diamond Harbour
Shri Dilip Ghosh(Leading),Dr. Banshilal Mahto (BJP),West Bengal,Medinipur
Dr Kunar Hembram(Leading),Dr. Banshilal Mahto (BJP),West Bengal,Jhargram
Dr Subhash Sarkar(Leading),Dr. Banshilal Mahto (BJP),West Bengal,Bankura
Shri Soumitra Kha(Won),Dr. Banshilal Mahto (BJP),West Bengal,Bishnupur
Dr Subhash Sarkar(Leading),Dr. Banshilal Mahto (BJP),West Bengal,Bankura
Shri Babul Supriyo(Won),Dr. Banshilal Mahto (BJP),West Bengal,Asansol
Dr Subhash Sarkar(Leading),Dr. Banshilal Mahto (BJP),West Bengal,Bankura
Shri Jyotirmoy Mahto(Leading),Dr. Banshilal Mahto (BJP),West Bengal,Purulia
Asit Kumar Mal(Leading),Dr. Banshilal Mahto (BJP),West Bengal,Bolpur
Satabdi Roy(Leading),Dr. Banshilal Mahto (BJP),West Bengal,Birbhum
Asit Kumar Mal(Leading),Dr. Banshilal Mahto (BJP),West Bengal,Bolpur
Smt. Gomtee Sai(Won),Dr. Banshilal Mahto (BJP),Chhattisgarh,Raigarh
Khalilur Rehman(Won),Vishnu Deo Sai (BJP),West Bengal,Jangipur
Shri Sunil Soren(Leading),Vishnu Deo Sai (BJP),Jharkhand,Dumka
Vijay Hansda (JMM)(Leading),Vishnu Deo Sai (BJP),Jharkhand,Rajmahal
Shri Nishikant Dubey(Leading),Vishnu Deo Sai (BJP),Jharkhand,Godda
Smt Annapurna Devi Yadav(Leading),Vishnu Deo Sai (BJP),Jharkhand,Kodarma
Shri Sunil Singh(Leading),Vishnu Deo Sai (BJP),Jharkhand,Chatra
Shri Vishnu Dayal Ram(Leading),Vishnu Deo Sai (BJP),Jharkhand,Palamau
Shri Sunil Singh(Leading),Vishnu Deo Sai (BJP),Jharkhand,Chatra
Shri Sudarshan Bhagat(Leading),Vishnu Deo Sai (BJP),Jharkhand,Lohardaga
Shri Arjun Munda(Leading),Vishnu Deo Sai (BJP),Jharkhand,Khunti
Smt Geeta Kora (INC)(Leading),Vishnu Deo Sai (BJP),Jharkhand,Singhbhum
Shri Vidhyut Varan Mahato(Leading),Vishnu Deo Sai (BJP),Jharkhand,Jamshedpur
Shri Sanjay Seth(Leading),Vishnu Deo Sai (BJP),Jharkhand,Ranchi
Shri Nitesh Ganga Deb(Leading),Vishnu Deo Sai (BJP),Odisha,Sambalpur
Smt. Gomtee Sai(Won),Vishnu Deo Sai (BJP),Chhattisgarh,Raigarh
Shri Arjun Munda(Leading),Vishnu Deo Sai (BJP),Jharkhand,Khunti
Shri Jual Oram(Leading),Vishnu Deo Sai (BJP),Odisha,Sundargarh
Shri Dilip Ghosh(Leading),Vishnu Deo Sai (BJP),West Bengal,Medinipur
Shri Nitesh Ganga Deb(Leading),Vishnu Deo Sai (BJP),Odisha,Sambalpur
Shri Jual Oram(Leading),Vishnu Deo Sai (BJP),Odisha,Sundargarh
Chandrani Murmu(Leading),Vishnu Deo Sai (BJP),Odisha,Keonjhar
Manjulata Mandal(Leading),Vishnu Deo Sai (BJP),Odisha,Bhadrak
Anubhav Mohanty(Leading),Vishnu Deo Sai (BJP),Odisha,Kendrapara
Sarmishtha Sethi(Leading),Vishnu Deo Sai (BJP),Odisha,Jajpur
Mahesh Sahu(Leading),Vishnu Deo Sai (BJP),Odisha,Dhenkanal
Shri Nitesh Ganga Deb(Leading),Vishnu Deo Sai (BJP),Odisha,Sambalpur
Shri Suresh Pujari(Leading),Vishnu Deo Sai (BJP),Odisha,Bargarh
Smt. Gomtee Sai(Won),Vishnu Deo Sai (BJP),Chhattisgarh,Raigarh
Shri Sangeeta Kumari Singh Deo(Leading),Vishnu Deo Sai (BJP),Odisha,Bolangir
ACHYUTANANDA SAMANTA(Leading),Vishnu Deo Sai (BJP),Odisha,Kandhamal
Bhartruhari Mahtab(Leading),Vishnu Deo Sai (BJP),Odisha,Cuttack
Dr. Rajshree Malik(Leading),Vishnu Deo Sai (BJP),Odisha,Jagatsinghpur
Smt. Aparajita Sarangi(Leading),Vishnu Deo Sai (BJP),Odisha,Bhubaneswar
Dr. Sambit Patra(Leading),Vishnu Deo Sai (BJP),Odisha,Puri
Pramila Bisoi(Leading),Vishnu Deo Sai (BJP),Odisha,Aska
ACHYUTANANDA SAMANTA(Leading),Vishnu Deo Sai (BJP),Odisha,Kandhamal
Shri Sangeeta Kumari Singh Deo(Leading),Vishnu Deo Sai (BJP),Odisha,Bolangir
Kaushalya Hikaka(Leading),Vishnu Deo Sai (BJP),Odisha,Koraput
ACHYUTANANDA SAMANTA(Leading),Vishnu Deo Sai (BJP),Odisha,Kandhamal
Pramila Bisoi(Leading),Vishnu Deo Sai (BJP),Odisha,Aska
Dr. Sambit Patra(Leading),Vishnu Deo Sai (BJP),Odisha,Puri
Smt. Aparajita Sarangi(Leading),Vishnu Deo Sai (BJP),Odisha,Bhubaneswar
Dr. Sambit Patra(Leading),Vishnu Deo Sai (BJP),Odisha,Puri
CHANDRA SEKHAR SAHU(Leading),Vishnu Deo Sai (BJP),Odisha,Berhampur
Kaushalya Hikaka(Leading),Vishnu Deo Sai (BJP),Odisha,Koraput
Ramesh Manjhi(Leading),Vishnu Deo Sai (BJP),Odisha,Nabarangpur
Deepak Baij(Won),Vishnu Deo Sai (BJP),Chhattisgarh,Bastar
Ramesh Manjhi(Leading),Vishnu Deo Sai (BJP),Odisha,Nabarangpur
Deepak Baij(Won),Vishnu Deo Sai (BJP),Chhattisgarh,Bastar
Kaushalya Hikaka(Leading),Vishnu Deo Sai (BJP),Odisha,Koraput
CHANDRA SEKHAR SAHU(Leading),Vishnu Deo Sai (BJP),Odisha,Berhampur
K Ram Mohan Naidu(Leading),Vishnu Deo Sai (BJP),Andhra Pradesh,Srikakulam
Bellani Chandrasekhar(),Vishnu Deo Sai (BJP),Andhra Pradesh,Vizianagaram
Dr Venkata Satyavathi(Leading),Vishnu Deo Sai (BJP),Andhra Pradesh,Anakapalli
vanga Geetha(Leading),Vishnu Deo Sai (BJP),Andhra Pradesh,Kakinada
Madhavi(Leading),Vishnu Deo Sai (BJP),Andhra Pradesh,Araku
Kotagiri Sridhar(Leading),Vishnu Deo Sai (BJP),Andhra Pradesh,Eluru
Madhavi(Leading),Vishnu Deo Sai (BJP),Andhra Pradesh,Araku
Nageswara Rao Nama(Leading),Vishnu Deo Sai (BJP),Telangana,Khammam
Maloth Kavitha(Won),Vishnu Deo Sai (BJP),Telangana,Mahabubabad
Borlakunta Venkatesh Nethani(Won),Vishnu Deo Sai (BJP),Telangana,Peddapalle
Pasunuri Dayakar(Won),Vishnu Deo Sai (BJP),Telangana,Warangal
Shri Bandi Sanjay(Won),Vishnu Deo Sai (BJP),Telangana,Karimnagar
Shri D. Aravind(Leading),Vishnu Deo Sai (BJP),Telangana,Nizamabad
Balubhau alias Suresh Narayan Dhanorkar(Leading),Vishnu Deo Sai (BJP),Maharashtra,Chandrapur
Shri Ashok Mahadeorao Nete(Leading),Vishnu Deo Sai (BJP),Maharashtra,Gadchiroli-Chimur
Shri Mohan Mandav(Leading),Vishnu Deo Sai (BJP),Chhattisgarh,Kanker
Ramesh Manjhi(Leading),Vishnu Deo Sai (BJP),Odisha,Nabarangpur
Shri Mohan Mandav(Leading),Vishnu Deo Sai (BJP),Chhattisgarh,Kanker
Shri Chunnilal Sahu(Leading),Vishnu Deo Sai (BJP),Chhattisgarh,Mahasamund
Shri Guharam Ajgale(Leading),Vishnu Deo Sai (BJP),Chhattisgarh,Janjgir Champa
Smt. Renuka Singh(Won),Vishnu Deo Sai (BJP),Chhattisgarh,Sarguja
Shri Arun Saw(Leading),Vishnu Deo Sai (BJP),Chhattisgarh,Bilaspur
Shri Santosh Pandey(Leading),Vishnu Deo Sai (BJP),Chhattisgarh,Rajnandgaon
Shri Ashok Mahadeorao Nete(Leading),Vishnu Deo Sai (BJP),Maharashtra,Gadchiroli-Chimur
Shri Sunil Baburao Mendhe(Leading),Vishnu Deo Sai (BJP),Maharashtra,Bhandara-Gondiya
Shri Nitin Jairam Gadkari(Leading),Vishnu Deo Sai (BJP),Maharashtra,Nagpur
Krupal Balaji Tumane(Leading),Vishnu Deo Sai (BJP),Maharashtra,Ramtek
Shri Nitin Jairam Gadkari(Leading),Vishnu Deo Sai (BJP),Maharashtra,Nagpur
Navnit Ravi Rana(Leading),Vishnu Deo Sai (BJP),Maharashtra,Amravati
Bhawana Gawli(Leading),Vishnu Deo Sai (BJP),Maharashtra,Yavatmal-Washim
Shri Soyam Babu Rao(Won),Vishnu Deo Sai (BJP),Telangana,Adilabad
Shri D. Aravind(Leading),Vishnu Deo Sai (BJP),Telangana,Nizamabad
Shri Bandi Sanjay(Won),Vishnu Deo Sai (BJP),Telangana,Karimnagar
Borlakunta Venkatesh Nethani(Won),Vishnu Deo Sai (BJP),Telangana,Peddapalle
Pasunuri Dayakar(Won),Vishnu Deo Sai (BJP),Telangana,Warangal
Maloth Kavitha(Won),Vishnu Deo Sai (BJP),Telangana,Mahabubabad
Komatireddy Venkat Reddy(Won),Vishnu Deo Sai (BJP),Telangana,Bhongir
MANNE SRINIVAS REDDY(Won),Vishnu Deo Sai (BJP),Telangana,Mahbubnagar
BB Patil(Won),Vishnu Deo Sai (BJP),Telangana,Zahirabad
G Ranjith Reddy(Leading),Vishnu Deo Sai (BJP),Telangana,Chelvella
Kotha Prabhakar Reddy(Won),Vishnu Deo Sai (BJP),Telangana,Medak
A Revanth Reddy(Leading),Vishnu Deo Sai (BJP),Telangana,Malkajgiri
Komatireddy Venkat Reddy(Won),Vishnu Deo Sai (BJP),Telangana,Bhongir
N. Uttam Kumar Reddy(Won),Vishnu Deo Sai (BJP),Telangana,Nalgonda
Nageswara Rao Nama(Leading),Vishnu Deo Sai (BJP),Telangana,Khammam
Maloth Kavitha(Won),Vishnu Deo Sai (BJP),Telangana,Mahabubabad
Pasunuri Dayakar(Won),Vishnu Deo Sai (BJP),Telangana,Warangal
Shri D. Aravind(Leading),Vishnu Deo Sai (BJP),Telangana,Nizamabad
Shri Soyam Babu Rao(Won),Vishnu Deo Sai (BJP),Telangana,Adilabad
Balubhau alias Suresh Narayan Dhanorkar(Leading),Vishnu Deo Sai (BJP),Maharashtra,Chandrapur
Shri Soyam Babu Rao(Won),Vishnu Deo Sai (BJP),Telangana,Adilabad
P Ramulu(Won),Vishnu Deo Sai (BJP),Telangana,Nagarkurnool
P Brahmananda Reddy(Leading),Vishnu Deo Sai (BJP),Andhra Pradesh,Nandyal
Magunta Srinivasulu Reddy(Leading),Vishnu Deo Sai (BJP),Andhra Pradesh,Ongole
P Brahmananda Reddy(Leading),Vishnu Deo Sai (BJP),Andhra Pradesh,Nandyal
Sanjeev Kumar(Leading),Vishnu Deo Sai (BJP),Andhra Pradesh,Kurnool
P Brahmananda Reddy(Leading),Vishnu Deo Sai (BJP),Andhra Pradesh,Nandyal
YS Avinash Reddy(Leading),Vishnu Deo Sai (BJP),Andhra Pradesh,Kadapa
P Brahmananda Reddy(Leading),Vishnu Deo Sai (BJP),Andhra Pradesh,Nandyal
YS Avinash Reddy(Leading),Vishnu Deo Sai (BJP),Andhra Pradesh,Kadapa
Raigarh,Vishnu Deo Sai (BJP),Andhra Pradesh,Anantapur
Gorantla Madav(Leading),Vishnu Deo Sai (BJP),Andhra Pradesh,Hindupur
Shri A Narayana Swamy(Won),Vishnu Deo Sai (BJP),Karnataka,Chitradurga
Gorantla Madav(Leading),Vishnu Deo Sai (BJP),Andhra Pradesh,Hindupur
PV Midun Reddy(Leading),Vishnu Deo Sai (BJP),Andhra Pradesh,Rajampet
YS Avinash Reddy(Leading),Vishnu Deo Sai (BJP),Andhra Pradesh,Kadapa
Balle Durgaprasad(Leading),Vishnu Deo Sai (BJP),Andhra Pradesh,Tirupati
Adala Prabhakar Reddy(Leading),Vishnu Deo Sai (BJP),Andhra Pradesh,Nellore
Magunta Srinivasulu Reddy(Leading),Vishnu Deo Sai (BJP),Andhra Pradesh,Ongole
Nandigam Suresh(Leading),Vishnu Deo Sai (BJP),Andhra Pradesh,Bapatla
Galla Jayadev(Leading),Vishnu Deo Sai (BJP),Andhra Pradesh,Guntur
Kesineni Srinivas alias Nani(Leading),Vishnu Deo Sai (BJP),Andhra Pradesh,Vijayawada
Kotagiri Sridhar(Leading),Vishnu Deo Sai (BJP),Andhra Pradesh,Eluru
Vallabhaneni Bala Souri(Leading),Vishnu Deo Sai (BJP),Andhra Pradesh,Machilipatnam
K Raghurama Krishnam Raju(Leading),Vishnu Deo Sai (BJP),Andhra Pradesh,Narsapuram
Chinta Anuradha(Leading),Vishnu Deo Sai (BJP),Andhra Pradesh,Amalapuram
vanga Geetha(Leading),Vishnu Deo Sai (BJP),Andhra Pradesh,Kakinada
Dr Venkata Satyavathi(Leading),Vishnu Deo Sai (BJP),Andhra Pradesh,Anakapalli
Madhavi(Leading),Vishnu Deo Sai (BJP),Andhra Pradesh,Araku
Bellani Chandrasekhar(),Vishnu Deo Sai (BJP),Andhra Pradesh,Vizianagaram
Madhavi(Leading),Vishnu Deo Sai (BJP),Andhra Pradesh,Araku
Kaushalya Hikaka(Leading),Vishnu Deo Sai (BJP),Odisha,Koraput
Madhavi(Leading),Vishnu Deo Sai (BJP),Andhra Pradesh,Araku
Kotagiri Sridhar(Leading),Vishnu Deo Sai (BJP),Andhra Pradesh,Eluru
Nageswara Rao Nama(Leading),Vishnu Deo Sai (BJP),Telangana,Khammam
Kesineni Srinivas alias Nani(Leading),Vishnu Deo Sai (BJP),Andhra Pradesh,Vijayawada
Reddppa(Leading),Vishnu Deo Sai (BJP),Andhra Pradesh,Chittoor
PV Midun Reddy(Leading),Vishnu Deo Sai (BJP),Andhra Pradesh,Rajampet
Reddppa(Leading),Vishnu Deo Sai (BJP),Andhra Pradesh,Chittoor
Balle Durgaprasad(Leading),Vishnu Deo Sai (BJP),Andhra Pradesh,Tirupati
Adala Prabhakar Reddy(Leading),Vishnu Deo Sai (BJP),Andhra Pradesh,Nellore
YS Avinash Reddy(Leading),Vishnu Deo Sai (BJP),Andhra Pradesh,Kadapa
Adala Prabhakar Reddy(Leading),Vishnu Deo Sai (BJP),Andhra Pradesh,Nellore
Raigarh,Vishnu Deo Sai (BJP),Andhra Pradesh,Anantapur
YS Avinash Reddy(Leading),Vishnu Deo Sai (BJP),Andhra Pradesh,Kadapa
Reddppa(Leading),Vishnu Deo Sai (BJP),Andhra Pradesh,Chittoor
Balle Durgaprasad(Leading),Vishnu Deo Sai (BJP),Andhra Pradesh,Tirupati
Selvaraj(Leading),Vishnu Deo Sai (BJP),Tamil Nadu,Nagapattinam
Palanimanickam.S.S(Leading),Vishnu Deo Sai (BJP),Tamil Nadu,Thanjavur
Selvaraj(Leading),Vishnu Deo Sai (BJP),Tamil Nadu,Nagapattinam
Ramalingam. S(Leading),Vishnu Deo Sai (BJP),Tamil Nadu,Mayiladuthurai
Thol. Thirumavalavan(Leading),Vishnu Deo Sai (BJP),Tamil Nadu,Chidambaram
Ramalingam. S(Leading),Vishnu Deo Sai (BJP),Tamil Nadu,Mayiladuthurai
V. Vaithilingam(Leading),Vishnu Deo Sai (BJP),Puducherry,Puducherry
Ramalingam. S(Leading),Vishnu Deo Sai (BJP),Tamil Nadu,Mayiladuthurai
T. R. V .S. Ramesh(Leading),Vishnu Deo Sai (BJP),Tamil Nadu,Cuddalore
V. Vaithilingam(Leading),Vishnu Deo Sai (BJP),Puducherry,Puducherry
RAVIKUMAR D(Leading),Vishnu Deo Sai (BJP),Tamil Nadu,Viluppuram
Selvam.G(Leading),Vishnu Deo Sai (BJP),Tamil Nadu,Kancheepuram
Baalu.T.R.(Leading),Vishnu Deo Sai (BJP),Tamil Nadu,Sriperumbudur
Dayanidhi Maran(Leading),Vishnu Deo Sai (BJP),Tamil Nadu,Chennai Central
Dr.K.Jayakumar(Leading),Vishnu Deo Sai (BJP),Tamil Nadu,Thiruvallur
S. Jagathrakshakan(Leading),Vishnu Deo Sai (BJP),Tamil Nadu,Arakkonam
Raigarh,Vishnu Deo Sai (BJP),Tamil Nadu,Vellore
Reddppa(Leading),Vishnu Deo Sai (BJP),Andhra Pradesh,Chittoor
Dr. A Chellakumar(Leading),Vishnu Deo Sai (BJP),Tamil Nadu,Krishnagiri
Senthil Kumar.S(Leading),Vishnu Deo Sai (BJP),Tamil Nadu,Dharmapuri
Parthiban.S.R(Leading),Vishnu Deo Sai (BJP),Tamil Nadu,Salem
Gautham Sigamani P(Leading),Vishnu Deo Sai (BJP),Tamil Nadu,Kallakurichi
Annadurai C N(Leading),Vishnu Deo Sai (BJP),Tamil Nadu,Tiruvannamalai
Raigarh,Vishnu Deo Sai (BJP),Tamil Nadu,Vellore
Annadurai C N(Leading),Vishnu Deo Sai (BJP),Tamil Nadu,Tiruvannamalai
Gautham Sigamani P(Leading),Vishnu Deo Sai (BJP),Tamil Nadu,Kallakurichi
RAVIKUMAR D(Leading),Vishnu Deo Sai (BJP),Tamil Nadu,Viluppuram
T. R. V .S. Ramesh(Leading),Vishnu Deo Sai (BJP),Tamil Nadu,Cuddalore
Thol. Thirumavalavan(Leading),Vishnu Deo Sai (BJP),Tamil Nadu,Chidambaram
Dr Paarivendhar T R(Leading),Vishnu Deo Sai (BJP),Tamil Nadu,Perambalur
CHINRAJ A.K.P(Leading),Vishnu Deo Sai (BJP),Tamil Nadu,Namakkal
Ganeshamurthi A(Won),Vishnu Deo Sai (BJP),Tamil Nadu,Erode
K Shanmugasundaram(Leading),Vishnu Deo Sai (BJP),Tamil Nadu,Pollachi
P. R. Natarajan(Leading),Vishnu Deo Sai (BJP),Tamil Nadu,Coimbatore
K. Subbarayan(Leading),Vishnu Deo Sai (BJP),Tamil Nadu,Tiruppur
Raigarh,Vishnu Deo Sai (BJP),Tamil Nadu,Nilgiris
Ganeshamurthi A(Won),Vishnu Deo Sai (BJP),Tamil Nadu,Erode
"Velusamy, P.(Leading)",Vishnu Deo Sai (BJP),Tamil Nadu,Dindigul
Selvi Jothimani(Leading),Vishnu Deo Sai (BJP),Tamil Nadu,Karur
Su. Thirunnavukkarasar(Won),Vishnu Deo Sai (BJP),Tamil Nadu,Tiruchirappalli
Palanimanickam.S.S(Leading),Vishnu Deo Sai (BJP),Tamil Nadu,Thanjavur
Selvaraj(Leading),Vishnu Deo Sai (BJP),Tamil Nadu,Nagapattinam
Su. Thirunnavukkarasar(Won),Vishnu Deo Sai (BJP),Tamil Nadu,Tiruchirappalli
Karti P Chidambaram(Leading),Vishnu Deo Sai (BJP),Tamil Nadu,Sivaganga
Su. Venkatesan(Leading),Vishnu Deo Sai (BJP),Tamil Nadu,Madurai
"Raveendranath Kumar, P(Leading)",Vishnu Deo Sai (BJP),Tamil Nadu,Theni
Manickam Tagore(Leading),Vishnu Deo Sai (BJP),Tamil Nadu,Virudhunagar
Kanimozhi Karunanidhi(Leading),Vishnu Deo Sai (BJP),Tamil Nadu,Thoothukkudi
Gnanathiraviam S(Leading),Vishnu Deo Sai (BJP),Tamil Nadu,Tirunelveli
H. Vasanthakumar(Leading),Vishnu Deo Sai (BJP),Tamil Nadu,Kanniyakumari
Shashi Tharoor (INC)(Leading),Vishnu Deo Sai (BJP),Kerala,Thiruvananthapuram
Adoor Prakash (INC)(Leading),Vishnu Deo Sai (BJP),Kerala,Attingal
N.K.Premachandra(Leading),Vishnu Deo Sai (BJP),Kerala,Kollam
Dhanush M Kumar(Leading),Vishnu Deo Sai (BJP),Tamil Nadu,Tenkasi
Anto Antony (INC)(Won),Vishnu Deo Sai (BJP),Kerala,Pathanamthitta
Kodikunnil Suresh (INC)(Leading),Vishnu Deo Sai (BJP),Kerala,Mavelikkara
Adv. A M Ariff(Leading),Vishnu Deo Sai (BJP),Kerala,Alappuzha
Kodikunnil Suresh (INC)(Leading),Vishnu Deo Sai (BJP),Kerala,Mavelikkara
Adv. A M Ariff(Leading),Vishnu Deo Sai (BJP),Kerala,Alappuzha
Thomas Chazikadan (Kerala Congress-M)(Won),Vishnu Deo Sai (BJP),Kerala,Kottayam
Dean Kuriakose (INC)(Won),Vishnu Deo Sai (BJP),Kerala,Idukki
"Raveendranath Kumar, P(Leading)",Vishnu Deo Sai (BJP),Tamil Nadu,Theni
"Velusamy, P.(Leading)",Vishnu Deo Sai (BJP),Tamil Nadu,Dindigul
Su. Venkatesan(Leading),Vishnu Deo Sai (BJP),Tamil Nadu,Madurai
Dean Kuriakose (INC)(Won),Vishnu Deo Sai (BJP),Kerala,Idukki
Benny Behanan (INC)(Won),Vishnu Deo Sai (BJP),Kerala,Chalakudy
ET Mohammed Basheer (IUML)(Won),Vishnu Deo Sai (BJP),Kerala,Ponnani
Ramya Haridas (INC)(Won),Vishnu Deo Sai (BJP),Kerala,Alathur
TN Prathapan (INC)(Won),Vishnu Deo Sai (BJP),Kerala,Thrissur
Ramya Haridas (INC)(Won),Vishnu Deo Sai (BJP),Kerala,Alathur
VK Sreekandan (INC)(Won),Vishnu Deo Sai (BJP),Kerala,Palakkad
PK Kunhalikutty (IUML)(Won),Vishnu Deo Sai (BJP),Kerala,Malappuram
ET Mohammed Basheer (IUML)(Won),Vishnu Deo Sai (BJP),Kerala,Ponnani
Rahul Gandhi INC(Leading),Vishnu Deo Sai (BJP),Kerala,Wayanad
Raigarh,Vishnu Deo Sai (BJP),Tamil Nadu,Nilgiris
Rahul Gandhi INC(Leading),Vishnu Deo Sai (BJP),Kerala,Wayanad
MK Raghavan (INC)(Won),Vishnu Deo Sai (BJP),Kerala,Kozhikode
K Muraleedharan (INC)(Won),Vishnu Deo Sai (BJP),Kerala,Vadakara
K Sudhakaran (INC)(Won),Vishnu Deo Sai (BJP),Kerala,Kannur
Rajmohan Unnithan (INC)(Won),Vishnu Deo Sai (BJP),Kerala,Kasaragod
Shri Prathap Simha(Won),Vishnu Deo Sai (BJP),Karnataka,Mysore
Raigarh,Vishnu Deo Sai (BJP),Tamil Nadu,Nilgiris
P. R. Natarajan(Leading),Vishnu Deo Sai (BJP),Tamil Nadu,Coimbatore
K. Subbarayan(Leading),Vishnu Deo Sai (BJP),Tamil Nadu,Tiruppur
Shri Srinivasa Prasad(Won),Vishnu Deo Sai (BJP),Karnataka,chamrajanagar
Smt Sumalatha (BJP Support)(Won),Vishnu Deo Sai (BJP),Karnataka,Mandya
Shri Srinivasa Prasad(Won),Vishnu Deo Sai (BJP),Karnataka,chamrajanagar
Smt Sumalatha (BJP Support)(Won),Vishnu Deo Sai (BJP),Karnataka,Mandya
D.K Suresh(Won),Vishnu Deo Sai (BJP),Karnataka,Bangalore Rural
YS Avinash Reddy(Leading),Vishnu Deo Sai (BJP),Andhra Pradesh,Kadapa
Shri B N Bache Gowda(Won),Vishnu Deo Sai (BJP),Karnataka,Chikkballapur
Shri D.V. Sadananda Gowda(Won),Vishnu Deo Sai (BJP),Karnataka,Bangalore North
Shri P. C. Mohan(Won),Vishnu Deo Sai (BJP),Karnataka,Bangalore Central
Shri D.V. Sadananda Gowda(Won),Vishnu Deo Sai (BJP),Karnataka,Bangalore North
Shri P. C. Mohan(Won),Vishnu Deo Sai (BJP),Karnataka,Bangalore Central
Shri B N Bache Gowda(Won),Vishnu Deo Sai (BJP),Karnataka,Chikkballapur
S. Muniswamy(Won),Vishnu Deo Sai (BJP),Karnataka,Kolar
Shri B N Bache Gowda(Won),Vishnu Deo Sai (BJP),Karnataka,Chikkballapur
Shri G S Basavaraju(Won),Vishnu Deo Sai (BJP),Karnataka,Tumkur
Shri A Narayana Swamy(Won),Vishnu Deo Sai (BJP),Karnataka,Chitradurga
Shri G S Basavaraju(Won),Vishnu Deo Sai (BJP),Karnataka,Tumkur
Prajwal Revanna(Won),Vishnu Deo Sai (BJP),Karnataka,Hassan
Shri Prathap Simha(Won),Vishnu Deo Sai (BJP),Karnataka,Mysore
Shri Nalin Kumar Kateel(Won),Vishnu Deo Sai (BJP),Karnataka,Dakshina Kannada
Kum. Shobha Karandlaje(Won),Vishnu Deo Sai (BJP),Karnataka,Udupi Chikmagalur
Shri A Narayana Swamy(Won),Vishnu Deo Sai (BJP),Karnataka,Chitradurga
Gorantla Madav(Leading),Vishnu Deo Sai (BJP),Andhra Pradesh,Hindupur
Shri G S Basavaraju(Won),Vishnu Deo Sai (BJP),Karnataka,Tumkur
Shri B N Bache Gowda(Won),Vishnu Deo Sai (BJP),Karnataka,Chikkballapur
Shri D.V. Sadananda Gowda(Won),Vishnu Deo Sai (BJP),Karnataka,Bangalore North
Shri P. C. Mohan(Won),Vishnu Deo Sai (BJP),Karnataka,Bangalore Central
Shri B N Bache Gowda(Won),Vishnu Deo Sai (BJP),Karnataka,Chikkballapur
Shri D.V. Sadananda Gowda(Won),Vishnu Deo Sai (BJP),Karnataka,Bangalore North
Shri P. C. Mohan(Won),Vishnu Deo Sai (BJP),Karnataka,Bangalore Central
Shri Tejaswi Surya L.S.(Won),Vishnu Deo Sai (BJP),Karnataka,Bangalore South
Shri P. C. Mohan(Won),Vishnu Deo Sai (BJP),Karnataka,Bangalore Central
Shri D.V. Sadananda Gowda(Won),Vishnu Deo Sai (BJP),Karnataka,Bangalore North
Shri P. C. Mohan(Won),Vishnu Deo Sai (BJP),Karnataka,Bangalore Central
Shri B N Bache Gowda(Won),Vishnu Deo Sai (BJP),Karnataka,Chikkballapur
Shri G S Basavaraju(Won),Vishnu Deo Sai (BJP),Karnataka,Tumkur
Prajwal Revanna(Won),Vishnu Deo Sai (BJP),Karnataka,Hassan
Kum. Shobha Karandlaje(Won),Vishnu Deo Sai (BJP),Karnataka,Udupi Chikmagalur
Shri Nalin Kumar Kateel(Won),Vishnu Deo Sai (BJP),Karnataka,Dakshina Kannada
B.Y.Raghavendra.(Won),Vishnu Deo Sai (BJP),Karnataka,Shimoga
Annasaheb Shankar Jolle(Won),Vishnu Deo Sai (BJP),Karnataka,Chikkodi
Angadi Suresh Channabasappa(Leading),Vishnu Deo Sai (BJP),Karnataka,Belgaum
B.Y.Raghavendra.(Won),Vishnu Deo Sai (BJP),Karnataka,Shimoga
Shri A Narayana Swamy(Won),Vishnu Deo Sai (BJP),Karnataka,Chitradurga
G M Siddeshwar(Won),Vishnu Deo Sai (BJP),Karnataka,Davanagere
Shri A Narayana Swamy(Won),Vishnu Deo Sai (BJP),Karnataka,Chitradurga
Raigarh,Vishnu Deo Sai (BJP),Andhra Pradesh,Anantapur
Karadi Sanganna Amarappa(Won),Vishnu Deo Sai (BJP),Karnataka,Koppal
Y. Devendrappa(Won),Vishnu Deo Sai (BJP),Karnataka,Bellary
Udasi. S.C.(Won),Vishnu Deo Sai (BJP),Karnataka,Haveri
Anantkumar Hegde(Won),Vishnu Deo Sai (BJP),Karnataka,Uttara Kannada
Francisco Sardinha(Leading),Vishnu Deo Sai (BJP),Goa,South Goa
Shri Shripad Yesso Naik(Leading),Vishnu Deo Sai (BJP),Goa,North Goa
Anantkumar Hegde(Won),Vishnu Deo Sai (BJP),Karnataka,Uttara Kannada
Angadi Suresh Channabasappa(Leading),Vishnu Deo Sai (BJP),Karnataka,Belgaum
Pralhad Joshi(Won),Vishnu Deo Sai (BJP),Karnataka,Dharwad
Udasi. S.C.(Won),Vishnu Deo Sai (BJP),Karnataka,Haveri
Gaddigoudar Parvatagouda Chandanagouda(Won),Vishnu Deo Sai (BJP),Karnataka,Bagalkot
Udasi. S.C.(Won),Vishnu Deo Sai (BJP),Karnataka,Haveri
Karadi Sanganna Amarappa(Won),Vishnu Deo Sai (BJP),Karnataka,Koppal
Raja Amareshwara Naik(Won),Vishnu Deo Sai (BJP),Karnataka,Raichur
omprakash bhupalsinh alias pawan rajenimbalkr(Won),Vishnu Deo Sai (BJP),Maharashtra,Osmanabad
Dr. Jaysidhesvar Swami(Leading),Vishnu Deo Sai (BJP),Maharashtra,Solapur
Jigajinagi Ramesh Chandappa(Won),Vishnu Deo Sai (BJP),Karnataka,Bijapur
Annasaheb Shankar Jolle(Won),Vishnu Deo Sai (BJP),Karnataka,Chikkodi
Raja Amareshwara Naik(Won),Vishnu Deo Sai (BJP),Karnataka,Raichur
Dr. Umesh G Jadhav(Won),Vishnu Deo Sai (BJP),Karnataka,Gulbarga
Bhagwanth Khuba(Won),Vishnu Deo Sai (BJP),Karnataka,Bidar
omprakash bhupalsinh alias pawan rajenimbalkr(Won),Vishnu Deo Sai (BJP),Maharashtra,Osmanabad
Shri Sudhakar Bhalerao Shrungare(Leading),Vishnu Deo Sai (BJP),Maharashtra,Latur
omprakash bhupalsinh alias pawan rajenimbalkr(Won),Vishnu Deo Sai (BJP),Maharashtra,Osmanabad
Dr. Jaysidhesvar Swami(Leading),Vishnu Deo Sai (BJP),Maharashtra,Solapur
Sanjay Ramchandra Patil(Leading),Vishnu Deo Sai (BJP),Maharashtra,Sangli
Sanjay Mandlik(Leading),Vishnu Deo Sai (BJP),Maharashtra,Kolhapur
Vinayak Raut(Won),Vishnu Deo Sai (BJP),Maharashtra,Ratnagiri-Sindhudurg
Sunil Tatkare(Won),Vishnu Deo Sai (BJP),Maharashtra,Raigad
Dr. K.C. Patel(Leading),Vishnu Deo Sai (BJP),Gujarat,Valsad
Shri Kapil Moreshwar Patil(Leading),Vishnu Deo Sai (BJP),Maharashtra,Bhiwandi
Sunil Tatkare(Won),Vishnu Deo Sai (BJP),Maharashtra,Raigad
Udayanraje Bhosale(Leading),Vishnu Deo Sai (BJP),Maharashtra,Satara
Amol Kolhe(Won),Vishnu Deo Sai (BJP),Maharashtra,Shirur
Shri Girish Bapat(Leading),Vishnu Deo Sai (BJP),Maharashtra,Pune
Shrirang Barne(Won),Vishnu Deo Sai (BJP),Maharashtra,Maval
Amol Kolhe(Won),Vishnu Deo Sai (BJP),Maharashtra,Shirur
Shrirang Barne(Won),Vishnu Deo Sai (BJP),Maharashtra,Maval
Rajan Vichare(Leading),Vishnu Deo Sai (BJP),Maharashtra,Thane
Shrikant Shinde(Leading),Vishnu Deo Sai (BJP),Maharashtra,Kalyan
Shri Manoj Kotak(Won),Vishnu Deo Sai (BJP),Maharashtra,Mumbai North East
Shri Gopal Chinayya Shetty(Leading),Vishnu Deo Sai (BJP),Maharashtra,Mumbai North
Rajan Vichare(Leading),Vishnu Deo Sai (BJP),Maharashtra,Thane
Rajendra dhedya gavit(Won),Vishnu Deo Sai (BJP),Maharashtra,Palghar
Rajan Vichare(Leading),Vishnu Deo Sai (BJP),Maharashtra,Thane
Sadashiv Lokhande(Won),Vishnu Deo Sai (BJP),Maharashtra,Shirdi
Shri Kapil Moreshwar Patil(Leading),Vishnu Deo Sai (BJP),Maharashtra,Bhiwandi
Rajendra dhedya gavit(Won),Vishnu Deo Sai (BJP),Maharashtra,Palghar
Dr. K.C. Patel(Leading),Vishnu Deo Sai (BJP),Gujarat,Valsad
Hemant Godse(Leading),Vishnu Deo Sai (BJP),Maharashtra,Nashik
Sadashiv Lokhande(Won),Vishnu Deo Sai (BJP),Maharashtra,Shirdi
Shri Sujay Vikhe Patil(Leading),Vishnu Deo Sai (BJP),Maharashtra,Ahmednagar
Sadashiv Lokhande(Won),Vishnu Deo Sai (BJP),Maharashtra,Shirdi
Shri Sujay Vikhe Patil(Leading),Vishnu Deo Sai (BJP),Maharashtra,Ahmednagar
Dr. Pritam Gopinath Munde(Won),Vishnu Deo Sai (BJP),Maharashtra,Beed
Shri Sudhakar Bhalerao Shrungare(Leading),Vishnu Deo Sai (BJP),Maharashtra,Latur
omprakash bhupalsinh alias pawan rajenimbalkr(Won),Vishnu Deo Sai (BJP),Maharashtra,Osmanabad
Shri Sudhakar Bhalerao Shrungare(Leading),Vishnu Deo Sai (BJP),Maharashtra,Latur
Shri Pratap Patil Chikkalikar(Leading),Vishnu Deo Sai (BJP),Maharashtra,Nanded
Hemant Sriram Patil(Leading),Vishnu Deo Sai (BJP),Maharashtra,Hingoli
Balubhau alias Suresh Narayan Dhanorkar(Leading),Vishnu Deo Sai (BJP),Maharashtra,Chandrapur
Shri Ashok Mahadeorao Nete(Leading),Vishnu Deo Sai (BJP),Maharashtra,Gadchiroli-Chimur
Shri Nitin Jairam Gadkari(Leading),Vishnu Deo Sai (BJP),Maharashtra,Nagpur
Shri Ramdas Chandrabhanji Tadas(Leading),Vishnu Deo Sai (BJP),Maharashtra,Wardha
Bhawana Gawli(Leading),Vishnu Deo Sai (BJP),Maharashtra,Yavatmal-Washim
Sanjay Haribhau Jadhav(Leading),Vishnu Deo Sai (BJP),Maharashtra,Parbhani
Jadhav Prataprao Ganpatrao(Leading),Vishnu Deo Sai (BJP),Maharashtra,Buldhana
Shri Raosaheb Patil Danve(Leading),Vishnu Deo Sai (BJP),Maharashtra,Jalna
Dr. Bharati Pawar(Leading),Vishnu Deo Sai (BJP),Maharashtra,Dindori
Dr. Heena Vijaykumar Gavit(Won),Vishnu Deo Sai (BJP),Maharashtra,Nandurbar
Shri Gajendra Patel(Won),Vishnu Deo Sai (BJP),Madhya Pradesh,Khargone
Dr. Bharati Pawar(Leading),Vishnu Deo Sai (BJP),Maharashtra,Dindori
Dr. Subhash Ramrao Bhamre(Won),Vishnu Deo Sai (BJP),Maharashtra,Dhule
Dr. Heena Vijaykumar Gavit(Won),Vishnu Deo Sai (BJP),Maharashtra,Nandurbar
Shri Gajendra Patel(Won),Vishnu Deo Sai (BJP),Madhya Pradesh,Khargone
Dr. Heena Vijaykumar Gavit(Won),Vishnu Deo Sai (BJP),Maharashtra,Nandurbar
Smt. Raksha Nikhil Khadse(Won),Vishnu Deo Sai (BJP),Maharashtra,Raver
Unmesh Bhaiyyasaheb Patil(Won),Vishnu Deo Sai (BJP),Maharashtra,Jalgaon
Smt. Raksha Nikhil Khadse(Won),Vishnu Deo Sai (BJP),Maharashtra,Raver
Jadhav Prataprao Ganpatrao(Leading),Vishnu Deo Sai (BJP),Maharashtra,Buldhana
Shri Sanjay Shamrao Dhotre(Leading),Vishnu Deo Sai (BJP),Maharashtra,Akola
Navnit Ravi Rana(Leading),Vishnu Deo Sai (BJP),Maharashtra,Amravati
Shri Ramdas Chandrabhanji Tadas(Leading),Vishnu Deo Sai (BJP),Maharashtra,Wardha
Shri Nitin Jairam Gadkari(Leading),Vishnu Deo Sai (BJP),Maharashtra,Nagpur
Krupal Balaji Tumane(Leading),Vishnu Deo Sai (BJP),Maharashtra,Ramtek
Shri Sunil Baburao Mendhe(Leading),Vishnu Deo Sai (BJP),Maharashtra,Bhandara-Gondiya
Shri Ashok Mahadeorao Nete(Leading),Vishnu Deo Sai (BJP),Maharashtra,Gadchiroli-Chimur
Balubhau alias Suresh Narayan Dhanorkar(Leading),Vishnu Deo Sai (BJP),Maharashtra,Chandrapur
Bhawana Gawli(Leading),Vishnu Deo Sai (BJP),Maharashtra,Yavatmal-Washim
Shri Jashvant Sinh Bhabhor(Leading),Vishnu Deo Sai (BJP),Gujarat,Dahod
Shri C.R. Patil(Leading),Vishnu Deo Sai (BJP),Gujarat,Navsari
Shri Parbhu Bhai Vasava(Won),Vishnu Deo Sai (BJP),Gujarat,Bardoli
Smt. Darshana Jardosh(Leading),Vishnu Deo Sai (BJP),Gujarat,Surat
Shri Mansukh Bhai Vasava(Leading),Vishnu Deo Sai (BJP),Gujarat,Bharuch
Mrs. Geetaben Rathva(Won),Vishnu Deo Sai (BJP),Gujarat,Chhota Udaipur
Mrs. Ranjan Ben Bhatt(Leading),Vishnu Deo Sai (BJP),Gujarat,Vadodara
Shri Miteshbhai Patel (Bakabhai)(Won),Vishnu Deo Sai (BJP),Gujarat,Anand
Shri Ratan Singh(Leading),Vishnu Deo Sai (BJP),Gujarat,Panchmahal
Shri Jashvant Sinh Bhabhor(Leading),Vishnu Deo Sai (BJP),Gujarat,Dahod
Shri Dipsinh Radhod(Leading),Vishnu Deo Sai (BJP),Gujarat,Sabarkantha
Shri H.S. Patel(Leading),Vishnu Deo Sai (BJP),Gujarat,Ahmedabad East
Shri Devusinh Chauhan(Leading),Vishnu Deo Sai (BJP),Gujarat,Kheda
Shri Amit Anit Chandra Shah(Leading),Vishnu Deo Sai (BJP),Gujarat,Gandhinagar
Dr. Mahendra Bhai Munjpara(Leading),Vishnu Deo Sai (BJP),Gujarat,Surendranagar
Mrs. Sharda Ben Patel W/O Late Shri Anil Bhai Pate(Leading),Vishnu Deo Sai (BJP),Gujarat,Mahesana
Dr. Mahendra Bhai Munjpara(Leading),Vishnu Deo Sai (BJP),Gujarat,Surendranagar
Dr. Mrs. Bharati Ben Shiyal(Leading),Vishnu Deo Sai (BJP),Gujarat,Bhavnagar
Kachhadiya Naranbhai Bhikhabhai(Leading),Vishnu Deo Sai (BJP),Gujarat,Amreli
Shri Rajeshbhai Chudasma(Leading),Vishnu Deo Sai (BJP),Gujarat,Junagadh
Mrs. Punamben Madam(Leading),Vishnu Deo Sai (BJP),Gujarat,Jamnagar
Shri Mohan Bhai Kundariya(Won),Vishnu Deo Sai (BJP),Gujarat,Rajkot
null(null),Vishnu Deo Sai (BJP),null,null
Shri Vinod Bhai Chavda(Leading),Vishnu Deo Sai (BJP),Gujarat,Kachchh
null(null),Vishnu Deo Sai (BJP),null,null
Shri Vinod Bhai Chavda(Leading),Vishnu Deo Sai (BJP),Gujarat,Kachchh
null(null),Vishnu Deo Sai (BJP),null,null
Shri Vinod Bhai Chavda(Leading),Vishnu Deo Sai (BJP),Gujarat,Kachchh
null(null),Vishnu Deo Sai (BJP),null,null
Shri Vinod Bhai Chavda(Leading),Vishnu Deo Sai (BJP),Gujarat,Kachchh
null(null),Vishnu Deo Sai (BJP),null,null
Shri Vinod Bhai Chavda(Leading),Vishnu Deo Sai (BJP),Gujarat,Kachchh
null(null),Vishnu Deo Sai (BJP),null,null
Shri Parbat Bhai Patel(Leading),Vishnu Deo Sai (BJP),Gujarat,Banaskantha
Shri Dipsinh Radhod(Leading),Vishnu Deo Sai (BJP),Gujarat,Sabarkantha
Shri Parbat Bhai Patel(Leading),Vishnu Deo Sai (BJP),Gujarat,Banaskantha
Shri Bharatsinh Dabhi Thakor(Leading),Vishnu Deo Sai (BJP),Gujarat,Patan
Shri Dipsinh Radhod(Leading),Vishnu Deo Sai (BJP),Gujarat,Sabarkantha
Hanuman Beniwal(Won),Vishnu Deo Sai (BJP),Rajasthan,Nagaur
Shri P P Chaudhary(Won),Vishnu Deo Sai (BJP),Rajasthan,Pali
Shri Kailash Chaudhry(Won),Vishnu Deo Sai (BJP),Rajasthan,Barmer
Shri Devji Mansingram Patel(Won),Vishnu Deo Sai (BJP),Rajasthan,Jalore
Shri Arjunlal Meena(Won),Vishnu Deo Sai (BJP),Rajasthan,Udaipur
Shri Nand Kumar Singh Chouhan(Won),Vishnu Deo Sai (BJP),Madhya Pradesh,Khandwa
Shri Gajendra Patel(Won),Vishnu Deo Sai (BJP),Madhya Pradesh,Khargone
Chattar Singh Darbar(Won),Vishnu Deo Sai (BJP),Madhya Pradesh,Dhar
Shri Kanak Mal Katara(Won),Vishnu Deo Sai (BJP),Rajasthan,Banswara
GS Damor(Leading),Vishnu Deo Sai (BJP),Madhya Pradesh,Ratlam
Shri Sudhir Gupta(Leading),Vishnu Deo Sai (BJP),Madhya Pradesh,Mandsour
Shri Anil Firojiya(Won),Vishnu Deo Sai (BJP),Madhya Pradesh,Ujjain
Shri Mahendra Solanki(Won),Vishnu Deo Sai (BJP),Madhya Pradesh,Dewas
Shri Roadmal Nagar(Won),Vishnu Deo Sai (BJP),Madhya Pradesh,Rajgarh
Sadhvi Pragya Singh Thakur(Leading),Vishnu Deo Sai (BJP),Madhya Pradesh,Bhopal
Shri Ramakant Bhargav(Won),Vishnu Deo Sai (BJP),Madhya Pradesh,Vidisha
Shri Durgadas Uike(Won),Vishnu Deo Sai (BJP),Madhya Pradesh,Betul
Shri Rao Udai Pratap Singh(Won),Vishnu Deo Sai (BJP),Madhya Pradesh,Hoshangabad
Shri Durgadas Uike(Won),Vishnu Deo Sai (BJP),Madhya Pradesh,Betul
Nakul Nath(Won),Vishnu Deo Sai (BJP),Madhya Pradesh,Chhindwara
Shri Dhal Singh Bisen(Leading),Vishnu Deo Sai (BJP),Madhya Pradesh,Balaghat
Shri Faggan Singh Kulaste(Leading),Vishnu Deo Sai (BJP),Madhya Pradesh,Mandla
Smt. Himadri Singh(Leading),Vishnu Deo Sai (BJP),Madhya Pradesh,Shahdol
Smt. Riti Pathak(Leading),Vishnu Deo Sai (BJP),Madhya Pradesh,Sidhi
Shri Janardan Mishra(Leading),Vishnu Deo Sai (BJP),Madhya Pradesh,Rewa
Shri Ganesh Singh(Leading),Vishnu Deo Sai (BJP),Madhya Pradesh,Satna
Bishnu Datt Sharma(Won),Vishnu Deo Sai (BJP),Madhya Pradesh,Khajuraho
Shri Prahlad Patel(Leading),Vishnu Deo Sai (BJP),Madhya Pradesh,Damoh
Shri Raj Bahadur Singh(Leading),Vishnu Deo Sai (BJP),Madhya Pradesh,Sagar
Dr. K.P. Yadav(Leading),Vishnu Deo Sai (BJP),Madhya Pradesh,Guna
Shri Roadmal Nagar(Won),Vishnu Deo Sai (BJP),Madhya Pradesh,Rajgarh
Sadhvi Pragya Singh Thakur(Leading),Vishnu Deo Sai (BJP),Madhya Pradesh,Bhopal
Bishnu Datt Sharma(Won),Vishnu Deo Sai (BJP),Madhya Pradesh,Khajuraho
Shri Virendra Kumar Khateek(Won),Vishnu Deo Sai (BJP),Madhya Pradesh,Tikamgarh
Ashok Kumar Rawat(Leading),Vishnu Deo Sai (BJP),Uttar Pradesh,Misrikh
Bhanu Pratap Singh Verma(Won),Vishnu Deo Sai (BJP),Uttar Pradesh,Jalaun
Smt. Sandhya Rai(Leading),Vishnu Deo Sai (BJP),Madhya Pradesh,Bhind
Shri Narendra Singh Tomar(Leading),Vishnu Deo Sai (BJP),Madhya Pradesh,Morena
Shri Vivek Sejwalkar(Leading),Vishnu Deo Sai (BJP),Madhya Pradesh,Gwalior
Dr. K.P. Yadav(Leading),Vishnu Deo Sai (BJP),Madhya Pradesh,Guna
